-- phpMyAdmin SQL Dump
-- version 4.8.0.1
-- https://www.phpmyadmin.net/
--
-- Servidor: 127.0.0.1
-- Tiempo de generación: 07-12-2018 a las 20:01:34
-- Versión del servidor: 10.1.32-MariaDB
-- Versión de PHP: 7.2.5

SET SQL_MODE = "NO_AUTO_VALUE_ON_ZERO";
SET AUTOCOMMIT = 0;
START TRANSACTION;
SET time_zone = "+00:00";


/*!40101 SET @OLD_CHARACTER_SET_CLIENT=@@CHARACTER_SET_CLIENT */;
/*!40101 SET @OLD_CHARACTER_SET_RESULTS=@@CHARACTER_SET_RESULTS */;
/*!40101 SET @OLD_COLLATION_CONNECTION=@@COLLATION_CONNECTION */;
/*!40101 SET NAMES utf8mb4 */;

--
-- Base de datos: `ucaribe_labs`
--

-- --------------------------------------------------------

--
-- Estructura de tabla para la tabla `laboratories`
--

CREATE TABLE `laboratories` (
  `id` int(11) NOT NULL,
  `name` text NOT NULL,
  `building` text NOT NULL,
  `room` text,
  `description` longtext,
  `state` tinyint(1) NOT NULL DEFAULT '1',
  `user_id` int(11) NOT NULL,
  `createdAt` datetime NOT NULL,
  `updatedAt` datetime NOT NULL
) ENGINE=InnoDB DEFAULT CHARSET=utf8;

--
-- Volcado de datos para la tabla `laboratories`
--

INSERT INTO `laboratories` (`id`, `name`, `building`, `room`, `description`, `state`, `user_id`, `createdAt`, `updatedAt`) VALUES
(1  , 'Laboratorio Telemática'                           , 'C'                      , NULL, NULL, 1, 1, '2019-01-01 00:00:01', '2019-01-01 00:00:01'),
(2  , 'Laboratorio Multimedia'                           , 'C'                      , NULL, NULL, 1, 1, '2019-01-01 00:00:01', '2019-01-01 00:00:01'),
(3  , 'Laboratorio de las Tecnologías de la Información' , 'Edificio de Ingenierías', NULL, NULL, 1, 1, '2019-01-01 00:00:01', '2019-01-01 00:00:01'),
(4  , 'Laboratorio de Electrónica y Hardware'            , 'Edificio de Ingenierías', NULL, NULL, 1, 1, '2019-01-01 00:00:01', '2019-01-01 00:00:01'),
(5  , 'Laboratorio Ingeniería de métodos y metrología'   , 'Edificio de Ingenierías', NULL, NULL, 1, 1, '2019-01-01 00:00:01', '2019-01-01 00:00:01'),
(6  , 'Laboratorio de Logística'                         , 'Edificio de Ingenierías', NULL, NULL, 1, 1, '2019-01-01 00:00:01', '2019-01-01 00:00:01'),
(7  , 'Laboratorio de Manufactura'                       , 'Edificio de Ingenierías', NULL, NULL, 1, 1, '2019-01-01 00:00:01', '2019-01-01 00:00:01'),
(8  , 'Laboratorio de Mecánica'                          , 'Edificio de Ingenierías', NULL, NULL, 1, 1, '2019-01-01 00:00:01', '2019-01-01 00:00:01'),
(9  , 'Laboratorio de Tecnologías ambientales'           , 'C'                      , NULL, NULL, 1, 1, '2019-01-01 00:00:01', '2019-01-01 00:00:01'),
(10 , 'Laboratorio de Energías renovables'               , 'C'                      , NULL, NULL, 1, 1, '2019-01-01 00:00:01', '2019-01-01 00:00:01');
-- --------------------------------------------------------

--
-- Estructura de tabla para la tabla `permissions`
--

CREATE TABLE `permissions` (
  `id` int(11) NOT NULL,
  `type` varchar(255) NOT NULL,
  `description` mediumtext,
  `state` tinyint(1) NOT NULL DEFAULT '1',
  `createdAt` datetime NOT NULL,
  `updatedAt` datetime NOT NULL
) ENGINE=InnoDB DEFAULT CHARSET=utf8;

-- --------------------------------------------------------

--
-- Estructura de tabla para la tabla `requests`
--

CREATE TABLE `requests` (
  `id` int(11) NOT NULL,
  `date_request` datetime NOT NULL,
  `date_update` datetime NOT NULL,
  `description` text,
  `type_id` int(11) NOT NULL,
  `status_id` int(11) NOT NULL,
  `createdAt` datetime NOT NULL,
  `updatedAt` datetime NOT NULL
) ENGINE=InnoDB DEFAULT CHARSET=utf8;

--
-- Volcado de datos para la tabla `requests`
--

INSERT INTO `requests` (`id`, `date_request`, `date_update`, `description`, `type_id`, `status_id`, `createdAt`,`updatedAt`) VALUES
(1, '2018-10-24 02:18:42', '2018-10-24 02:18:42', '', 1, 2, '2019-01-01 00:00:01', '2019-01-01 00:00:01'),
(2, '2018-10-24 02:23:58', '2018-10-24 02:23:58', '', 1, 2, '2019-01-01 00:00:01', '2019-01-01 00:00:01'),
(3, '2018-10-24 02:27:38', '2018-10-24 02:27:38', '', 1, 2, '2019-01-01 00:00:01', '2019-01-01 00:00:01'),
(4, '2018-10-24 02:29:25', '2018-10-24 02:29:25', '', 1, 2, '2019-01-01 00:00:01', '2019-01-01 00:00:01'),
(5, '2018-10-24 05:01:21', '2018-10-24 05:01:21', '', 1, 2, '2019-01-01 00:00:01', '2019-01-01 00:00:01'),
(6, '2018-10-24 05:10:54', '2018-10-24 05:10:54', '', 1, 2, '2019-01-01 00:00:01', '2019-01-01 00:00:01'),
(7, '2018-10-24 05:13:03', '2018-10-24 05:13:03', '', 1, 2, '2019-01-01 00:00:01', '2019-01-01 00:00:01'),
(8, '2018-10-24 05:16:04', '2018-10-24 05:16:04', '', 1, 2, '2019-01-01 00:00:01', '2019-01-01 00:00:01'),
(9, '2018-10-24 05:21:29', '2018-10-24 05:21:29', '', 1, 2, '2019-01-01 00:00:01', '2019-01-01 00:00:01');
-- --------------------------------------------------------

--
-- Estructura de tabla para la tabla `schedule`
--

CREATE TABLE `schedule` (
  `id` int(11) NOT NULL,
  `date` date NOT NULL,
  `start_hour` time NOT NULL,
  `end_hour` time NOT NULL,
  `state` tinyint(1) NOT NULL DEFAULT '0',
  `subject4semester_id` int(11) NOT NULL,
  `laboratory_id` int(11) NOT NULL,
  `request_id` int(11) NOT NULL,
  `createdAt` datetime NOT NULL,
  `updatedAt` datetime NOT NULL
) ENGINE=InnoDB DEFAULT CHARSET=utf8;

--
-- Volcado de datos para la tabla `schedule`
--

INSERT INTO `schedule` (`id`, `date`, `start_hour`, `end_hour`, `state`, `subject4semester_id`, `laboratory_id`, `request_id`, `createdAt`, `updatedAt`) VALUES
(1  , '2018-08-13', '11:00:01', '13:00:00', 1, 3 , 2, 1, '2019-01-01 00:00:01', '2019-01-01 00:00:01'),
(2  , '2018-08-20', '11:00:01', '13:00:00', 1, 3 , 2, 1, '2019-01-01 00:00:01', '2019-01-01 00:00:01'),
(3  , '2018-08-27', '11:00:01', '13:00:00', 1, 3 , 2, 1, '2019-01-01 00:00:01', '2019-01-01 00:00:01'),
(4  , '2018-09-03', '11:00:01', '13:00:00', 1, 3 , 2, 1, '2019-01-01 00:00:01', '2019-01-01 00:00:01'),
(5  , '2018-09-10', '11:00:01', '13:00:00', 1, 3 , 2, 1, '2019-01-01 00:00:01', '2019-01-01 00:00:01'),
(6  , '2018-09-17', '11:00:01', '13:00:00', 1, 3 , 2, 1, '2019-01-01 00:00:01', '2019-01-01 00:00:01'),
(7  , '2018-09-24', '11:00:01', '13:00:00', 1, 3 , 2, 1, '2019-01-01 00:00:01', '2019-01-01 00:00:01'),
(8  , '2018-10-01', '11:00:01', '13:00:00', 1, 3 , 2, 1, '2019-01-01 00:00:01', '2019-01-01 00:00:01'),
(9  , '2018-10-08', '11:00:01', '13:00:00', 1, 3 , 2, 1, '2019-01-01 00:00:01', '2019-01-01 00:00:01'),
(10 , '2018-10-15', '11:00:01', '13:00:00', 1, 3 , 2, 1, '2019-01-01 00:00:01', '2019-01-01 00:00:01'),
(11 , '2018-10-22', '11:00:01', '13:00:00', 1, 3 , 2, 1, '2019-01-01 00:00:01', '2019-01-01 00:00:01'),
(12 , '2018-10-29', '11:00:01', '13:00:00', 1, 3 , 2, 1, '2019-01-01 00:00:01', '2019-01-01 00:00:01'),
(13 , '2018-11-05', '11:00:01', '13:00:00', 1, 3 , 2, 1, '2019-01-01 00:00:01', '2019-01-01 00:00:01'),
(14 , '2018-11-12', '11:00:01', '13:00:00', 1, 3 , 2, 1, '2019-01-01 00:00:01', '2019-01-01 00:00:01'),
(15 , '2018-11-19', '11:00:01', '13:00:00', 1, 3 , 2, 1, '2019-01-01 00:00:01', '2019-01-01 00:00:01'),
(16 , '2018-11-26', '11:00:01', '13:00:00', 1, 3 , 2, 1, '2019-01-01 00:00:01', '2019-01-01 00:00:01'),
(17 , '2018-08-15', '10:00:01', '12:00:00', 1, 3 , 2, 1, '2019-01-01 00:00:01', '2019-01-01 00:00:01'),
(18 , '2018-08-22', '10:00:01', '12:00:00', 1, 3 , 2, 1, '2019-01-01 00:00:01', '2019-01-01 00:00:01'),
(19 , '2018-08-29', '10:00:01', '12:00:00', 1, 3 , 2, 1, '2019-01-01 00:00:01', '2019-01-01 00:00:01'),
(20 , '2018-09-05', '10:00:01', '12:00:00', 1, 3 , 2, 1, '2019-01-01 00:00:01', '2019-01-01 00:00:01'),
(21 , '2018-09-12', '10:00:01', '12:00:00', 1, 3 , 2, 1, '2019-01-01 00:00:01', '2019-01-01 00:00:01'),
(22 , '2018-09-19', '10:00:01', '12:00:00', 1, 3 , 2, 1, '2019-01-01 00:00:01', '2019-01-01 00:00:01'),
(23 , '2018-09-26', '10:00:01', '12:00:00', 1, 3 , 2, 1, '2019-01-01 00:00:01', '2019-01-01 00:00:01'),
(24 , '2018-10-03', '10:00:01', '12:00:00', 1, 3 , 2, 1, '2019-01-01 00:00:01', '2019-01-01 00:00:01'),
(25 , '2018-10-10', '10:00:01', '12:00:00', 1, 3 , 2, 1, '2019-01-01 00:00:01', '2019-01-01 00:00:01'),
(26 , '2018-10-17', '10:00:01', '12:00:00', 1, 3 , 2, 1, '2019-01-01 00:00:01', '2019-01-01 00:00:01'),
(27 , '2018-10-24', '10:00:01', '12:00:00', 1, 3 , 2, 1, '2019-01-01 00:00:01', '2019-01-01 00:00:01'),
(28 , '2018-10-31', '10:00:01', '12:00:00', 1, 3 , 2, 1, '2019-01-01 00:00:01', '2019-01-01 00:00:01'),
(29 , '2018-11-07', '10:00:01', '12:00:00', 1, 3 , 2, 1, '2019-01-01 00:00:01', '2019-01-01 00:00:01'),
(30 , '2018-11-14', '10:00:01', '12:00:00', 1, 3 , 2, 1, '2019-01-01 00:00:01', '2019-01-01 00:00:01'),
(31 , '2018-11-21', '10:00:01', '12:00:00', 1, 3 , 2, 1, '2019-01-01 00:00:01', '2019-01-01 00:00:01'),
(32 , '2018-11-28', '10:00:01', '12:00:00', 1, 3 , 2, 1, '2019-01-01 00:00:01', '2019-01-01 00:00:01'),
(33 , '2018-08-13', '16:00:01', '17:00:00', 1, 4 , 2, 2, '2019-01-01 00:00:01', '2019-01-01 00:00:01'),
(34 , '2018-08-20', '16:00:01', '17:00:00', 1, 4 , 2, 2, '2019-01-01 00:00:01', '2019-01-01 00:00:01'),
(35 , '2018-08-27', '16:00:01', '17:00:00', 1, 4 , 2, 2, '2019-01-01 00:00:01', '2019-01-01 00:00:01'),
(36 , '2018-09-03', '16:00:01', '17:00:00', 1, 4 , 2, 2, '2019-01-01 00:00:01', '2019-01-01 00:00:01'),
(37 , '2018-09-10', '16:00:01', '17:00:00', 1, 4 , 2, 2, '2019-01-01 00:00:01', '2019-01-01 00:00:01'),
(38 , '2018-09-17', '16:00:01', '17:00:00', 1, 4 , 2, 2, '2019-01-01 00:00:01', '2019-01-01 00:00:01'),
(39 , '2018-09-24', '16:00:01', '17:00:00', 1, 4 , 2, 2, '2019-01-01 00:00:01', '2019-01-01 00:00:01'),
(40 , '2018-10-01', '16:00:01', '17:00:00', 1, 4 , 2, 2, '2019-01-01 00:00:01', '2019-01-01 00:00:01'),
(41 , '2018-10-08', '16:00:01', '17:00:00', 1, 4 , 2, 2, '2019-01-01 00:00:01', '2019-01-01 00:00:01'),
(42 , '2018-10-15', '16:00:01', '17:00:00', 1, 4 , 2, 2, '2019-01-01 00:00:01', '2019-01-01 00:00:01'),
(43 , '2018-10-22', '16:00:01', '17:00:00', 1, 4 , 2, 2, '2019-01-01 00:00:01', '2019-01-01 00:00:01'),
(44 , '2018-10-29', '16:00:01', '17:00:00', 1, 4 , 2, 2, '2019-01-01 00:00:01', '2019-01-01 00:00:01'),
(45 , '2018-11-05', '16:00:01', '17:00:00', 1, 4 , 2, 2, '2019-01-01 00:00:01', '2019-01-01 00:00:01'),
(46 , '2018-11-12', '16:00:01', '17:00:00', 1, 4 , 2, 2, '2019-01-01 00:00:01', '2019-01-01 00:00:01'),
(47 , '2018-11-19', '16:00:01', '17:00:00', 1, 4 , 2, 2, '2019-01-01 00:00:01', '2019-01-01 00:00:01'),
(48 , '2018-11-26', '16:00:01', '17:00:00', 1, 4 , 2, 2, '2019-01-01 00:00:01', '2019-01-01 00:00:01'),
(49 , '2018-08-15', '15:00:01', '17:00:00', 1, 4 , 2, 2, '2019-01-01 00:00:01', '2019-01-01 00:00:01'),
(50 , '2018-08-22', '15:00:01', '17:00:00', 1, 4 , 2, 2, '2019-01-01 00:00:01', '2019-01-01 00:00:01'),
(51 , '2018-08-29', '15:00:01', '17:00:00', 1, 4 , 2, 2, '2019-01-01 00:00:01', '2019-01-01 00:00:01'),
(52 , '2018-09-05', '15:00:01', '17:00:00', 1, 4 , 2, 2, '2019-01-01 00:00:01', '2019-01-01 00:00:01'),
(53 , '2018-09-12', '15:00:01', '17:00:00', 1, 4 , 2, 2, '2019-01-01 00:00:01', '2019-01-01 00:00:01'),
(54 , '2018-09-19', '15:00:01', '17:00:00', 1, 4 , 2, 2, '2019-01-01 00:00:01', '2019-01-01 00:00:01'),
(55 , '2018-09-26', '15:00:01', '17:00:00', 1, 4 , 2, 2, '2019-01-01 00:00:01', '2019-01-01 00:00:01'),
(56 , '2018-10-03', '15:00:01', '17:00:00', 1, 4 , 2, 2, '2019-01-01 00:00:01', '2019-01-01 00:00:01'),
(57 , '2018-10-10', '15:00:01', '17:00:00', 1, 4 , 2, 2, '2019-01-01 00:00:01', '2019-01-01 00:00:01'),
(58 , '2018-10-17', '15:00:01', '17:00:00', 1, 4 , 2, 2, '2019-01-01 00:00:01', '2019-01-01 00:00:01'),
(59 , '2018-10-24', '15:00:01', '17:00:00', 1, 4 , 2, 2, '2019-01-01 00:00:01', '2019-01-01 00:00:01'),
(60 , '2018-10-31', '15:00:01', '17:00:00', 1, 4 , 2, 2, '2019-01-01 00:00:01', '2019-01-01 00:00:01'),
(61 , '2018-11-07', '15:00:01', '17:00:00', 1, 4 , 2, 2, '2019-01-01 00:00:01', '2019-01-01 00:00:01'),
(62 , '2018-11-14', '15:00:01', '17:00:00', 1, 4 , 2, 2, '2019-01-01 00:00:01', '2019-01-01 00:00:01'),
(63 , '2018-11-21', '15:00:01', '17:00:00', 1, 4 , 2, 2, '2019-01-01 00:00:01', '2019-01-01 00:00:01'),
(64 , '2018-11-28', '15:00:01', '17:00:00', 1, 4 , 2, 2, '2019-01-01 00:00:01', '2019-01-01 00:00:01'),
(65 , '2018-08-13', '19:00:01', '21:00:00', 1, 5 , 2, 3, '2019-01-01 00:00:01', '2019-01-01 00:00:01'),
(66 , '2018-08-20', '19:00:01', '21:00:00', 1, 5 , 2, 3, '2019-01-01 00:00:01', '2019-01-01 00:00:01'),
(67 , '2018-08-27', '19:00:01', '21:00:00', 1, 5 , 2, 3, '2019-01-01 00:00:01', '2019-01-01 00:00:01'),
(68 , '2018-09-03', '19:00:01', '21:00:00', 1, 5 , 2, 3, '2019-01-01 00:00:01', '2019-01-01 00:00:01'),
(69 , '2018-09-10', '19:00:01', '21:00:00', 1, 5 , 2, 3, '2019-01-01 00:00:01', '2019-01-01 00:00:01'),
(70 , '2018-09-17', '19:00:01', '21:00:00', 1, 5 , 2, 3, '2019-01-01 00:00:01', '2019-01-01 00:00:01'),
(71 , '2018-09-24', '19:00:01', '21:00:00', 1, 5 , 2, 3, '2019-01-01 00:00:01', '2019-01-01 00:00:01'),
(72 , '2018-10-01', '19:00:01', '21:00:00', 1, 5 , 2, 3, '2019-01-01 00:00:01', '2019-01-01 00:00:01'),
(73 , '2018-10-08', '19:00:01', '21:00:00', 1, 5 , 2, 3, '2019-01-01 00:00:01', '2019-01-01 00:00:01'),
(74 , '2018-10-15', '19:00:01', '21:00:00', 1, 5 , 2, 3, '2019-01-01 00:00:01', '2019-01-01 00:00:01'),
(75 , '2018-10-22', '19:00:01', '21:00:00', 1, 5 , 2, 3, '2019-01-01 00:00:01', '2019-01-01 00:00:01'),
(76 , '2018-10-29', '19:00:01', '21:00:00', 1, 5 , 2, 3, '2019-01-01 00:00:01', '2019-01-01 00:00:01'),
(77 , '2018-11-05', '19:00:01', '21:00:00', 1, 5 , 2, 3, '2019-01-01 00:00:01', '2019-01-01 00:00:01'),
(78 , '2018-11-12', '19:00:01', '21:00:00', 1, 5 , 2, 3, '2019-01-01 00:00:01', '2019-01-01 00:00:01'),
(79 , '2018-11-19', '19:00:01', '21:00:00', 1, 5 , 2, 3, '2019-01-01 00:00:01', '2019-01-01 00:00:01'),
(80 , '2018-11-26', '19:00:01', '21:00:00', 1, 5 , 2, 3, '2019-01-01 00:00:01', '2019-01-01 00:00:01'),
(81 , '2018-08-15', '20:00:01', '21:00:00', 1, 5 , 2, 3, '2019-01-01 00:00:01', '2019-01-01 00:00:01'),
(82 , '2018-08-22', '20:00:01', '21:00:00', 1, 5 , 2, 3, '2019-01-01 00:00:01', '2019-01-01 00:00:01'),
(83 , '2018-08-29', '20:00:01', '21:00:00', 1, 5 , 2, 3, '2019-01-01 00:00:01', '2019-01-01 00:00:01'),
(84 , '2018-09-05', '20:00:01', '21:00:00', 1, 5 , 2, 3, '2019-01-01 00:00:01', '2019-01-01 00:00:01'),
(85 , '2018-09-12', '20:00:01', '21:00:00', 1, 5 , 2, 3, '2019-01-01 00:00:01', '2019-01-01 00:00:01'),
(86 , '2018-09-19', '20:00:01', '21:00:00', 1, 5 , 2, 3, '2019-01-01 00:00:01', '2019-01-01 00:00:01'),
(87 , '2018-09-26', '20:00:01', '21:00:00', 1, 5 , 2, 3, '2019-01-01 00:00:01', '2019-01-01 00:00:01'),
(88 , '2018-10-03', '20:00:01', '21:00:00', 1, 5 , 2, 3, '2019-01-01 00:00:01', '2019-01-01 00:00:01'),
(89 , '2018-10-10', '20:00:01', '21:00:00', 1, 5 , 2, 3, '2019-01-01 00:00:01', '2019-01-01 00:00:01'),
(90 , '2018-10-17', '20:00:01', '21:00:00', 1, 5 , 2, 3, '2019-01-01 00:00:01', '2019-01-01 00:00:01'),
(91 , '2018-10-24', '20:00:01', '21:00:00', 1, 5 , 2, 3, '2019-01-01 00:00:01', '2019-01-01 00:00:01'),
(92 , '2018-10-31', '20:00:01', '21:00:00', 1, 5 , 2, 3, '2019-01-01 00:00:01', '2019-01-01 00:00:01'),
(93 , '2018-11-07', '20:00:01', '21:00:00', 1, 5 , 2, 3, '2019-01-01 00:00:01', '2019-01-01 00:00:01'),
(94 , '2018-11-14', '20:00:01', '21:00:00', 1, 5 , 2, 3, '2019-01-01 00:00:01', '2019-01-01 00:00:01'),
(95 , '2018-11-21', '20:00:01', '21:00:00', 1, 5 , 2, 3, '2019-01-01 00:00:01', '2019-01-01 00:00:01'),
(96 , '2018-11-28', '20:00:01', '21:00:00', 1, 5 , 2, 3, '2019-01-01 00:00:01', '2019-01-01 00:00:01'),
(97 , '2018-08-13', '21:00:01', '22:00:00', 1, 6 , 2, 4, '2019-01-01 00:00:01', '2019-01-01 00:00:01'),
(98 , '2018-08-20', '21:00:01', '22:00:00', 1, 6 , 2, 4, '2019-01-01 00:00:01', '2019-01-01 00:00:01'),
(99 , '2018-08-27', '21:00:01', '22:00:00', 1, 6 , 2, 4, '2019-01-01 00:00:01', '2019-01-01 00:00:01'),
(100, '2018-09-03', '21:00:01', '22:00:00', 1, 6 , 2, 4, '2019-01-01 00:00:01', '2019-01-01 00:00:01'),
(101, '2018-09-10', '21:00:01', '22:00:00', 1, 6 , 2, 4, '2019-01-01 00:00:01', '2019-01-01 00:00:01'),
(102, '2018-09-17', '21:00:01', '22:00:00', 1, 6 , 2, 4, '2019-01-01 00:00:01', '2019-01-01 00:00:01'),
(103, '2018-09-24', '21:00:01', '22:00:00', 1, 6 , 2, 4, '2019-01-01 00:00:01', '2019-01-01 00:00:01'),
(104, '2018-10-01', '21:00:01', '22:00:00', 1, 6 , 2, 4, '2019-01-01 00:00:01', '2019-01-01 00:00:01'),
(105, '2018-10-08', '21:00:01', '22:00:00', 1, 6 , 2, 4, '2019-01-01 00:00:01', '2019-01-01 00:00:01'),
(106, '2018-10-15', '21:00:01', '22:00:00', 1, 6 , 2, 4, '2019-01-01 00:00:01', '2019-01-01 00:00:01'),
(107, '2018-10-22', '21:00:01', '22:00:00', 1, 6 , 2, 4, '2019-01-01 00:00:01', '2019-01-01 00:00:01'),
(108, '2018-10-29', '21:00:01', '22:00:00', 1, 6 , 2, 4, '2019-01-01 00:00:01', '2019-01-01 00:00:01'),
(109, '2018-11-05', '21:00:01', '22:00:00', 1, 6 , 2, 4, '2019-01-01 00:00:01', '2019-01-01 00:00:01'),
(110, '2018-11-12', '21:00:01', '22:00:00', 1, 6 , 2, 4, '2019-01-01 00:00:01', '2019-01-01 00:00:01'),
(111, '2018-11-19', '21:00:01', '22:00:00', 1, 6 , 2, 4, '2019-01-01 00:00:01', '2019-01-01 00:00:01'),
(112, '2018-11-26', '21:00:01', '22:00:00', 1, 6 , 2, 4, '2019-01-01 00:00:01', '2019-01-01 00:00:01'),
(113, '2018-08-14', '20:00:01', '22:00:00', 1, 6 , 2, 4, '2019-01-01 00:00:01', '2019-01-01 00:00:01'),
(114, '2018-08-21', '20:00:01', '22:00:00', 1, 6 , 2, 4, '2019-01-01 00:00:01', '2019-01-01 00:00:01'),
(115, '2018-08-28', '20:00:01', '22:00:00', 1, 6 , 2, 4, '2019-01-01 00:00:01', '2019-01-01 00:00:01'),
(116, '2018-09-04', '20:00:01', '22:00:00', 1, 6 , 2, 4, '2019-01-01 00:00:01', '2019-01-01 00:00:01'),
(117, '2018-09-11', '20:00:01', '22:00:00', 1, 6 , 2, 4, '2019-01-01 00:00:01', '2019-01-01 00:00:01'),
(118, '2018-09-18', '20:00:01', '22:00:00', 1, 6 , 2, 4, '2019-01-01 00:00:01', '2019-01-01 00:00:01'),
(119, '2018-09-25', '20:00:01', '22:00:00', 1, 6 , 2, 4, '2019-01-01 00:00:01', '2019-01-01 00:00:01'),
(120, '2018-10-02', '20:00:01', '22:00:00', 1, 6 , 2, 4, '2019-01-01 00:00:01', '2019-01-01 00:00:01'),
(121, '2018-10-09', '20:00:01', '22:00:00', 1, 6 , 2, 4, '2019-01-01 00:00:01', '2019-01-01 00:00:01'),
(122, '2018-10-16', '20:00:01', '22:00:00', 1, 6 , 2, 4, '2019-01-01 00:00:01', '2019-01-01 00:00:01'),
(123, '2018-10-23', '20:00:01', '22:00:00', 1, 6 , 2, 4, '2019-01-01 00:00:01', '2019-01-01 00:00:01'),
(124, '2018-10-30', '20:00:01', '22:00:00', 1, 6 , 2, 4, '2019-01-01 00:00:01', '2019-01-01 00:00:01'),
(125, '2018-11-06', '20:00:01', '22:00:00', 1, 6 , 2, 4, '2019-01-01 00:00:01', '2019-01-01 00:00:01'),
(126, '2018-11-13', '20:00:01', '22:00:00', 1, 6 , 2, 4, '2019-01-01 00:00:01', '2019-01-01 00:00:01'),
(127, '2018-11-20', '20:00:01', '22:00:00', 1, 6 , 2, 4, '2019-01-01 00:00:01', '2019-01-01 00:00:01'),
(128, '2018-11-27', '20:00:01', '22:00:00', 1, 6 , 2, 4, '2019-01-01 00:00:01', '2019-01-01 00:00:01'),
(129, '2018-08-14', '07:00:01', '08:00:00', 1, 7 , 2, 5, '2019-01-01 00:00:01', '2019-01-01 00:00:01'),
(130, '2018-08-21', '07:00:01', '08:00:00', 1, 7 , 2, 5, '2019-01-01 00:00:01', '2019-01-01 00:00:01'),
(131, '2018-08-28', '07:00:01', '08:00:00', 1, 7 , 2, 5, '2019-01-01 00:00:01', '2019-01-01 00:00:01'),
(132, '2018-09-04', '07:00:01', '08:00:00', 1, 7 , 2, 5, '2019-01-01 00:00:01', '2019-01-01 00:00:01'),
(133, '2018-09-11', '07:00:01', '08:00:00', 1, 7 , 2, 5, '2019-01-01 00:00:01', '2019-01-01 00:00:01'),
(134, '2018-09-18', '07:00:01', '08:00:00', 1, 7 , 2, 5, '2019-01-01 00:00:01', '2019-01-01 00:00:01'),
(135, '2018-09-25', '07:00:01', '08:00:00', 1, 7 , 2, 5, '2019-01-01 00:00:01', '2019-01-01 00:00:01'),
(136, '2018-10-02', '07:00:01', '08:00:00', 1, 7 , 2, 5, '2019-01-01 00:00:01', '2019-01-01 00:00:01'),
(137, '2018-10-09', '07:00:01', '08:00:00', 1, 7 , 2, 5, '2019-01-01 00:00:01', '2019-01-01 00:00:01'),
(138, '2018-10-16', '07:00:01', '08:00:00', 1, 7 , 2, 5, '2019-01-01 00:00:01', '2019-01-01 00:00:01'),
(139, '2018-10-23', '07:00:01', '08:00:00', 1, 7 , 2, 5, '2019-01-01 00:00:01', '2019-01-01 00:00:01'),
(140, '2018-10-30', '07:00:01', '08:00:00', 1, 7 , 2, 5, '2019-01-01 00:00:01', '2019-01-01 00:00:01'),
(141, '2018-11-06', '07:00:01', '08:00:00', 1, 7 , 2, 5, '2019-01-01 00:00:01', '2019-01-01 00:00:01'),
(142, '2018-11-13', '07:00:01', '08:00:00', 1, 7 , 2, 5, '2019-01-01 00:00:01', '2019-01-01 00:00:01'),
(143, '2018-11-20', '07:00:01', '08:00:00', 1, 7 , 2, 5, '2019-01-01 00:00:01', '2019-01-01 00:00:01'),
(144, '2018-11-27', '07:00:01', '08:00:00', 1, 7 , 2, 5, '2019-01-01 00:00:01', '2019-01-01 00:00:01'),
(145, '2018-08-16', '07:00:01', '09:00:00', 1, 7 , 2, 5, '2019-01-01 00:00:01', '2019-01-01 00:00:01'),
(146, '2018-08-23', '07:00:01', '09:00:00', 1, 7 , 2, 5, '2019-01-01 00:00:01', '2019-01-01 00:00:01'),
(147, '2018-08-30', '07:00:01', '09:00:00', 1, 7 , 2, 5, '2019-01-01 00:00:01', '2019-01-01 00:00:01'),
(148, '2018-09-06', '07:00:01', '09:00:00', 1, 7 , 2, 5, '2019-01-01 00:00:01', '2019-01-01 00:00:01'),
(149, '2018-09-13', '07:00:01', '09:00:00', 1, 7 , 2, 5, '2019-01-01 00:00:01', '2019-01-01 00:00:01'),
(150, '2018-09-20', '07:00:01', '09:00:00', 1, 7 , 2, 5, '2019-01-01 00:00:01', '2019-01-01 00:00:01'),
(151, '2018-09-27', '07:00:01', '09:00:00', 1, 7 , 2, 5, '2019-01-01 00:00:01', '2019-01-01 00:00:01'),
(152, '2018-10-04', '07:00:01', '09:00:00', 1, 7 , 2, 5, '2019-01-01 00:00:01', '2019-01-01 00:00:01'),
(153, '2018-10-11', '07:00:01', '09:00:00', 1, 7 , 2, 5, '2019-01-01 00:00:01', '2019-01-01 00:00:01'),
(154, '2018-10-18', '07:00:01', '09:00:00', 1, 7 , 2, 5, '2019-01-01 00:00:01', '2019-01-01 00:00:01'),
(155, '2018-10-25', '07:00:01', '09:00:00', 1, 7 , 2, 5, '2019-01-01 00:00:01', '2019-01-01 00:00:01'),
(156, '2018-11-01', '07:00:01', '09:00:00', 1, 7 , 2, 5, '2019-01-01 00:00:01', '2019-01-01 00:00:01'),
(157, '2018-11-08', '07:00:01', '09:00:00', 1, 7 , 2, 5, '2019-01-01 00:00:01', '2019-01-01 00:00:01'),
(158, '2018-11-15', '07:00:01', '09:00:00', 1, 7 , 2, 5, '2019-01-01 00:00:01', '2019-01-01 00:00:01'),
(159, '2018-11-22', '07:00:01', '09:00:00', 1, 7 , 2, 5, '2019-01-01 00:00:01', '2019-01-01 00:00:01'),
(160, '2018-11-29', '07:00:01', '09:00:00', 1, 7 , 2, 5, '2019-01-01 00:00:01', '2019-01-01 00:00:01'),
(161, '2018-08-14', '10:00:01', '11:00:00', 1, 8 , 2, 6, '2019-01-01 00:00:01', '2019-01-01 00:00:01'),
(162, '2018-08-21', '10:00:01', '11:00:00', 1, 8 , 2, 6, '2019-01-01 00:00:01', '2019-01-01 00:00:01'),
(163, '2018-08-28', '10:00:01', '11:00:00', 1, 8 , 2, 6, '2019-01-01 00:00:01', '2019-01-01 00:00:01'),
(164, '2018-09-04', '10:00:01', '11:00:00', 1, 8 , 2, 6, '2019-01-01 00:00:01', '2019-01-01 00:00:01'),
(165, '2018-09-11', '10:00:01', '11:00:00', 1, 8 , 2, 6, '2019-01-01 00:00:01', '2019-01-01 00:00:01'),
(166, '2018-09-18', '10:00:01', '11:00:00', 1, 8 , 2, 6, '2019-01-01 00:00:01', '2019-01-01 00:00:01'),
(167, '2018-09-25', '10:00:01', '11:00:00', 1, 8 , 2, 6, '2019-01-01 00:00:01', '2019-01-01 00:00:01'),
(168, '2018-10-02', '10:00:01', '11:00:00', 1, 8 , 2, 6, '2019-01-01 00:00:01', '2019-01-01 00:00:01'),
(169, '2018-10-09', '10:00:01', '11:00:00', 1, 8 , 2, 6, '2019-01-01 00:00:01', '2019-01-01 00:00:01'),
(170, '2018-10-16', '10:00:01', '11:00:00', 1, 8 , 2, 6, '2019-01-01 00:00:01', '2019-01-01 00:00:01'),
(171, '2018-10-23', '10:00:01', '11:00:00', 1, 8 , 2, 6, '2019-01-01 00:00:01', '2019-01-01 00:00:01'),
(172, '2018-10-30', '10:00:01', '11:00:00', 1, 8 , 2, 6, '2019-01-01 00:00:01', '2019-01-01 00:00:01'),
(173, '2018-11-06', '10:00:01', '11:00:00', 1, 8 , 2, 6, '2019-01-01 00:00:01', '2019-01-01 00:00:01'),
(174, '2018-11-13', '10:00:01', '11:00:00', 1, 8 , 2, 6, '2019-01-01 00:00:01', '2019-01-01 00:00:01'),
(175, '2018-11-20', '10:00:01', '11:00:00', 1, 8 , 2, 6, '2019-01-01 00:00:01', '2019-01-01 00:00:01'),
(176, '2018-11-27', '10:00:01', '11:00:00', 1, 8 , 2, 6, '2019-01-01 00:00:01', '2019-01-01 00:00:01'),
(177, '2018-08-16', '09:00:01', '11:00:00', 1, 8 , 2, 6, '2019-01-01 00:00:01', '2019-01-01 00:00:01'),
(178, '2018-08-23', '09:00:01', '11:00:00', 1, 8 , 2, 6, '2019-01-01 00:00:01', '2019-01-01 00:00:01'),
(179, '2018-08-30', '09:00:01', '11:00:00', 1, 8 , 2, 6, '2019-01-01 00:00:01', '2019-01-01 00:00:01'),
(180, '2018-09-06', '09:00:01', '11:00:00', 1, 8 , 2, 6, '2019-01-01 00:00:01', '2019-01-01 00:00:01'),
(181, '2018-09-13', '09:00:01', '11:00:00', 1, 8 , 2, 6, '2019-01-01 00:00:01', '2019-01-01 00:00:01'),
(182, '2018-09-20', '09:00:01', '11:00:00', 1, 8 , 2, 6, '2019-01-01 00:00:01', '2019-01-01 00:00:01'),
(183, '2018-09-27', '09:00:01', '11:00:00', 1, 8 , 2, 6, '2019-01-01 00:00:01', '2019-01-01 00:00:01'),
(184, '2018-10-04', '09:00:01', '11:00:00', 1, 8 , 2, 6, '2019-01-01 00:00:01', '2019-01-01 00:00:01'),
(185, '2018-10-11', '09:00:01', '11:00:00', 1, 8 , 2, 6, '2019-01-01 00:00:01', '2019-01-01 00:00:01'),
(186, '2018-10-18', '09:00:01', '11:00:00', 1, 8 , 2, 6, '2019-01-01 00:00:01', '2019-01-01 00:00:01'),
(187, '2018-10-25', '09:00:01', '11:00:00', 1, 8 , 2, 6, '2019-01-01 00:00:01', '2019-01-01 00:00:01'),
(188, '2018-11-01', '09:00:01', '11:00:00', 1, 8 , 2, 6, '2019-01-01 00:00:01', '2019-01-01 00:00:01'),
(189, '2018-11-08', '09:00:01', '11:00:00', 1, 8 , 2, 6, '2019-01-01 00:00:01', '2019-01-01 00:00:01'),
(190, '2018-11-15', '09:00:01', '11:00:00', 1, 8 , 2, 6, '2019-01-01 00:00:01', '2019-01-01 00:00:01'),
(191, '2018-11-22', '09:00:01', '11:00:00', 1, 8 , 2, 6, '2019-01-01 00:00:01', '2019-01-01 00:00:01'),
(192, '2018-11-29', '09:00:01', '11:00:00', 1, 8 , 2, 6, '2019-01-01 00:00:01', '2019-01-01 00:00:01'),
(193, '2018-08-14', '19:00:01', '20:00:00', 1, 9 , 2, 7, '2019-01-01 00:00:01', '2019-01-01 00:00:01'),
(194, '2018-08-21', '19:00:01', '20:00:00', 1, 9 , 2, 7, '2019-01-01 00:00:01', '2019-01-01 00:00:01'),
(195, '2018-08-28', '19:00:01', '20:00:00', 1, 9 , 2, 7, '2019-01-01 00:00:01', '2019-01-01 00:00:01'),
(196, '2018-09-04', '19:00:01', '20:00:00', 1, 9 , 2, 7, '2019-01-01 00:00:01', '2019-01-01 00:00:01'),
(197, '2018-09-11', '19:00:01', '20:00:00', 1, 9 , 2, 7, '2019-01-01 00:00:01', '2019-01-01 00:00:01'),
(198, '2018-09-18', '19:00:01', '20:00:00', 1, 9 , 2, 7, '2019-01-01 00:00:01', '2019-01-01 00:00:01'),
(199, '2018-09-25', '19:00:01', '20:00:00', 1, 9 , 2, 7, '2019-01-01 00:00:01', '2019-01-01 00:00:01'),
(200, '2018-10-02', '19:00:01', '20:00:00', 1, 9 , 2, 7, '2019-01-01 00:00:01', '2019-01-01 00:00:01'),
(201, '2018-10-09', '19:00:01', '20:00:00', 1, 9 , 2, 7, '2019-01-01 00:00:01', '2019-01-01 00:00:01'),
(202, '2018-10-16', '19:00:01', '20:00:00', 1, 9 , 2, 7, '2019-01-01 00:00:01', '2019-01-01 00:00:01'),
(203, '2018-10-23', '19:00:01', '20:00:00', 1, 9 , 2, 7, '2019-01-01 00:00:01', '2019-01-01 00:00:01'),
(204, '2018-10-30', '19:00:01', '20:00:00', 1, 9 , 2, 7, '2019-01-01 00:00:01', '2019-01-01 00:00:01'),
(205, '2018-11-06', '19:00:01', '20:00:00', 1, 9 , 2, 7, '2019-01-01 00:00:01', '2019-01-01 00:00:01'),
(206, '2018-11-13', '19:00:01', '20:00:00', 1, 9 , 2, 7, '2019-01-01 00:00:01', '2019-01-01 00:00:01'),
(207, '2018-11-20', '19:00:01', '20:00:00', 1, 9 , 2, 7, '2019-01-01 00:00:01', '2019-01-01 00:00:01'),
(208, '2018-11-27', '19:00:01', '20:00:00', 1, 9 , 2, 7, '2019-01-01 00:00:01', '2019-01-01 00:00:01'),
(209, '2018-08-17', '18:00:01', '20:00:00', 1, 9 , 2, 7, '2019-01-01 00:00:01', '2019-01-01 00:00:01'),
(210, '2018-08-24', '18:00:01', '20:00:00', 1, 9 , 2, 7, '2019-01-01 00:00:01', '2019-01-01 00:00:01'),
(211, '2018-08-31', '18:00:01', '20:00:00', 1, 9 , 2, 7, '2019-01-01 00:00:01', '2019-01-01 00:00:01'),
(212, '2018-09-07', '18:00:01', '20:00:00', 1, 9 , 2, 7, '2019-01-01 00:00:01', '2019-01-01 00:00:01'),
(213, '2018-09-14', '18:00:01', '20:00:00', 1, 9 , 2, 7, '2019-01-01 00:00:01', '2019-01-01 00:00:01'),
(214, '2018-09-21', '18:00:01', '20:00:00', 1, 9 , 2, 7, '2019-01-01 00:00:01', '2019-01-01 00:00:01'),
(215, '2018-09-28', '18:00:01', '20:00:00', 1, 9 , 2, 7, '2019-01-01 00:00:01', '2019-01-01 00:00:01'),
(216, '2018-10-05', '18:00:01', '20:00:00', 1, 9 , 2, 7, '2019-01-01 00:00:01', '2019-01-01 00:00:01'),
(217, '2018-10-12', '18:00:01', '20:00:00', 1, 9 , 2, 7, '2019-01-01 00:00:01', '2019-01-01 00:00:01'),
(218, '2018-10-19', '18:00:01', '20:00:00', 1, 9 , 2, 7, '2019-01-01 00:00:01', '2019-01-01 00:00:01'),
(219, '2018-10-26', '18:00:01', '20:00:00', 1, 9 , 2, 7, '2019-01-01 00:00:01', '2019-01-01 00:00:01'),
(220, '2018-11-02', '18:00:01', '20:00:00', 1, 9 , 2, 7, '2019-01-01 00:00:01', '2019-01-01 00:00:01'),
(221, '2018-11-09', '18:00:01', '20:00:00', 1, 9 , 2, 7, '2019-01-01 00:00:01', '2019-01-01 00:00:01'),
(222, '2018-11-16', '18:00:01', '20:00:00', 1, 9 , 2, 7, '2019-01-01 00:00:01', '2019-01-01 00:00:01'),
(223, '2018-11-23', '18:00:01', '20:00:00', 1, 9 , 2, 7, '2019-01-01 00:00:01', '2019-01-01 00:00:01'),
(224, '2018-11-30', '18:00:01', '20:00:00', 1, 9 , 2, 7, '2019-01-01 00:00:01', '2019-01-01 00:00:01'),
(225, '2018-08-16', '13:00:01', '15:00:00', 1, 10, 2, 8, '2019-01-01 00:00:01', '2019-01-01 00:00:01'),
(226, '2018-08-23', '13:00:01', '15:00:00', 1, 10, 2, 8, '2019-01-01 00:00:01', '2019-01-01 00:00:01'),
(227, '2018-08-30', '13:00:01', '15:00:00', 1, 10, 2, 8, '2019-01-01 00:00:01', '2019-01-01 00:00:01'),
(228, '2018-09-06', '13:00:01', '15:00:00', 1, 10, 2, 8, '2019-01-01 00:00:01', '2019-01-01 00:00:01'),
(229, '2018-09-13', '13:00:01', '15:00:00', 1, 10, 2, 8, '2019-01-01 00:00:01', '2019-01-01 00:00:01'),
(230, '2018-09-20', '13:00:01', '15:00:00', 1, 10, 2, 8, '2019-01-01 00:00:01', '2019-01-01 00:00:01'),
(231, '2018-09-27', '13:00:01', '15:00:00', 1, 10, 2, 8, '2019-01-01 00:00:01', '2019-01-01 00:00:01'),
(232, '2018-10-04', '13:00:01', '15:00:00', 1, 10, 2, 8, '2019-01-01 00:00:01', '2019-01-01 00:00:01'),
(233, '2018-10-11', '13:00:01', '15:00:00', 1, 10, 2, 8, '2019-01-01 00:00:01', '2019-01-01 00:00:01'),
(234, '2018-10-18', '13:00:01', '15:00:00', 1, 10, 2, 8, '2019-01-01 00:00:01', '2019-01-01 00:00:01'),
(235, '2018-10-25', '13:00:01', '15:00:00', 1, 10, 2, 8, '2019-01-01 00:00:01', '2019-01-01 00:00:01'),
(236, '2018-11-01', '13:00:01', '15:00:00', 1, 10, 2, 8, '2019-01-01 00:00:01', '2019-01-01 00:00:01'),
(237, '2018-11-08', '13:00:01', '15:00:00', 1, 10, 2, 8, '2019-01-01 00:00:01', '2019-01-01 00:00:01'),
(238, '2018-11-15', '13:00:01', '15:00:00', 1, 10, 2, 8, '2019-01-01 00:00:01', '2019-01-01 00:00:01'),
(239, '2018-11-22', '13:00:01', '15:00:00', 1, 10, 2, 8, '2019-01-01 00:00:01', '2019-01-01 00:00:01'),
(240, '2018-11-29', '13:00:01', '15:00:00', 1, 10, 2, 8, '2019-01-01 00:00:01', '2019-01-01 00:00:01'),
(241, '2018-08-13', '13:00:01', '15:00:00', 1, 1 , 2, 9, '2019-01-01 00:00:01', '2019-01-01 00:00:01'),
(242, '2018-08-20', '13:00:01', '15:00:00', 1, 1 , 2, 9, '2019-01-01 00:00:01', '2019-01-01 00:00:01'),
(243, '2018-08-27', '13:00:01', '15:00:00', 1, 1 , 2, 9, '2019-01-01 00:00:01', '2019-01-01 00:00:01'),
(244, '2018-09-03', '13:00:01', '15:00:00', 1, 1 , 2, 9, '2019-01-01 00:00:01', '2019-01-01 00:00:01'),
(245, '2018-09-10', '13:00:01', '15:00:00', 1, 1 , 2, 9, '2019-01-01 00:00:01', '2019-01-01 00:00:01'),
(246, '2018-09-17', '13:00:01', '15:00:00', 1, 1 , 2, 9, '2019-01-01 00:00:01', '2019-01-01 00:00:01'),
(247, '2018-09-24', '13:00:01', '15:00:00', 1, 1 , 2, 9, '2019-01-01 00:00:01', '2019-01-01 00:00:01'),
(248, '2018-10-01', '13:00:01', '15:00:00', 1, 1 , 2, 9, '2019-01-01 00:00:01', '2019-01-01 00:00:01'),
(249, '2018-10-08', '13:00:01', '15:00:00', 1, 1 , 2, 9, '2019-01-01 00:00:01', '2019-01-01 00:00:01'),
(250, '2018-10-15', '13:00:01', '15:00:00', 1, 1 , 2, 9, '2019-01-01 00:00:01', '2019-01-01 00:00:01'),
(251, '2018-10-22', '13:00:01', '15:00:00', 1, 1 , 2, 9, '2019-01-01 00:00:01', '2019-01-01 00:00:01'),
(252, '2018-10-29', '13:00:01', '15:00:00', 1, 1 , 2, 9, '2019-01-01 00:00:01', '2019-01-01 00:00:01'),
(253, '2018-11-05', '13:00:01', '15:00:00', 1, 1 , 2, 9, '2019-01-01 00:00:01', '2019-01-01 00:00:01'),
(254, '2018-11-12', '13:00:01', '15:00:00', 1, 1 , 2, 9, '2019-01-01 00:00:01', '2019-01-01 00:00:01'),
(255, '2018-11-19', '13:00:01', '15:00:00', 1, 1 , 2, 9, '2019-01-01 00:00:01', '2019-01-01 00:00:01'),
(256, '2018-11-26', '13:00:01', '15:00:00', 1, 1 , 2, 9, '2019-01-01 00:00:01', '2019-01-01 00:00:01');
-- --------------------------------------------------------

--
-- Estructura de tabla para la tabla `semesters`
--

CREATE TABLE `semesters` (
  `id` int(11) NOT NULL,
  `semester` varchar(45) NOT NULL,
  `start_date` date NOT NULL,
  `end_date` date NOT NULL,
  `state` tinyint(1) NOT NULL DEFAULT '1',
  `createdAt` datetime NOT NULL,
  `updatedAt` datetime NOT NULL
) ENGINE=InnoDB DEFAULT CHARSET=utf8;

--
-- Volcado de datos para la tabla `semesters`
--

INSERT INTO `semesters` (`id`, `semester`, `start_date`, `end_date`, `state`, `createdAt`, `updatedAt`) VALUES
(1, '201803', '2018-08-13', '2018-12-01', 1, '2019-01-01 00:00:01', '2019-01-01 00:00:01');
-- --------------------------------------------------------

--
-- Estructura de tabla para la tabla `statuses`
--

CREATE TABLE `statuses` (
  `id` int(11) NOT NULL,
  `status` varchar(45) NOT NULL,
  `description` varchar(45) DEFAULT NULL,
  `state` tinyint(1) NOT NULL DEFAULT '1',
  `createdAt` datetime NOT NULL,
  `updatedAt` datetime NOT NULL
) ENGINE=InnoDB DEFAULT CHARSET=utf8;

--
-- Volcado de datos para la tabla `statuses`
--

INSERT INTO `statuses` (`id`, `status`, `description`, `state`, `createdAt`, `updatedAt`) VALUES
(1, 'Pendiente', NULL, 1, '2019-01-01 00:00:01', '2019-01-01 00:00:01'),
(2, 'Aceptado' , NULL, 1, '2019-01-01 00:00:01', '2019-01-01 00:00:01'),
(3, 'Rechazado', NULL, 1, '2019-01-01 00:00:01', '2019-01-01 00:00:01');
-- --------------------------------------------------------

--
-- Estructura de tabla para la tabla `subjects`
--

CREATE TABLE `subjects` (
  `id` int(11) NOT NULL,
  `enrollment` varchar(45) NOT NULL,
  `name` mediumtext NOT NULL,
  `state` tinyint(1) NOT NULL DEFAULT '1',
  `createdAt` datetime NOT NULL,
  `updatedAt` datetime NOT NULL
) ENGINE=InnoDB DEFAULT CHARSET=utf8;

--
-- Volcado de datos para la tabla `subjects`
--

INSERT INTO `subjects` (`id`, `enrollment`, `name`, `state`, `createdAt`, `updatedAt`) VALUES
(1 , 'IT0262', 'Base de Datos Distribuidas'                , 1, '2019-01-01 00:00:01', '2019-01-01 00:00:01'),
(2 , 'IT0103', 'Introducción a las redes'                  , 1, '2019-01-01 00:00:01', '2019-01-01 00:00:01'),
(3 , 'IT0104', 'Matemáticas discretas'                     , 1, '2019-01-01 00:00:01', '2019-01-01 00:00:01'),
(4 , 'IT0105', 'Organización y estructura de computadoras' , 1, '2019-01-01 00:00:01', '2019-01-01 00:00:01'),
(5 , 'IT0107', 'Técnicas algorítmicas'                     , 1, '2019-01-01 00:00:01', '2019-01-01 00:00:01'),
(6 , 'IT0161', 'Sistemas operativos POSIX'                 , 1, '2019-01-01 00:00:01', '2019-01-01 00:00:01'),
(7 , 'IT0160', 'Introducción a las base de datos'          , 1, '2019-01-01 00:00:01', '2019-01-01 00:00:01'),
(8 , 'IT0208', 'Electrónica digital'                       , 1, '2019-01-01 00:00:01', '2019-01-01 00:00:01'),
(9 , 'IT0210', 'Programación orientada a objetos'          , 1, '2019-01-01 00:00:01', '2019-01-01 00:00:01'),
(10, 'IT0211', 'Redes locales'                             , 1, '2019-01-01 00:00:01', '2019-01-01 00:00:01'),
(11, 'IT0263', 'Electrónica analógica'                     , 1, '2019-01-01 00:00:01', '2019-01-01 00:00:01'),
(12, 'IT0316', 'Arquitectura de computadoras'              , 1, '2019-01-01 00:00:01', '2019-01-01 00:00:01'),
(13, 'IT0321', 'Redes inalámbricas'                        , 1, '2019-01-01 00:00:01', '2019-01-01 00:00:01'),
(14, 'IT3434', 'Seguridad y administración de redes '      , 1, '2019-01-01 00:00:01', '2019-01-01 00:00:01'),
(15, 'IT3433', 'Redes y protocolos de servicio'            , 1, '2019-01-01 00:00:01', '2019-01-01 00:00:01'),
(16, 'IT0101', 'Algoritmos y estructura de datos'          , 1, '2019-01-01 00:00:01', '2019-01-01 00:00:01'),
(17, 'IL0311', 'Investigación de operaciones estocásticas' , 1, '2019-01-01 00:00:01', '2019-01-01 00:00:01'),
(18, 'IT3436', 'Redes Multimedia'                          , 1, '2019-01-01 00:00:01', '2019-01-01 00:00:01'),
(19, 'IL3466', 'Comercio Electrónico'                      , 1, '2019-01-01 00:00:01', '2019-01-01 00:00:01'),
(20, 'N/A-01', 'Fisica Clásica'                            , 1, '2019-01-01 00:00:01', '2019-01-01 00:00:01');
-- --------------------------------------------------------

--
-- Estructura de tabla para la tabla `subjects4semester`
--

CREATE TABLE `subjects4semester` (
  `id` int(11) NOT NULL,
  `section` int(11) NOT NULL,
  `state` tinyint(1) NOT NULL DEFAULT '1',
  `user_id` int(11) NOT NULL,
  `subject_id` int(11) NOT NULL,
  `semester_id` int(11) NOT NULL,
  `createdAt` datetime NOT NULL,
  `updatedAt` datetime NOT NULL
) ENGINE=InnoDB DEFAULT CHARSET=utf8;

--
-- Volcado de datos para la tabla `subjects4semester`
--

INSERT INTO `subjects4semester` (`id`, `section`, `state`, `user_id`, `subject_id`, `semester_id`, `createdAt`, `updatedAt`) VALUES
(1 , 1 , 1, 1, 1 , 1, '2019-01-01 00:00:01', '2019-01-01 00:00:01'),
(2 , 14, 1, 2, 5 , 1, '2019-01-01 00:00:01', '2019-01-01 00:00:01'),
(3 , 1 , 1, 3, 17, 1, '2019-01-01 00:00:01', '2019-01-01 00:00:01'),
(4 , 1 , 1, 1, 16, 1, '2019-01-01 00:00:01', '2019-01-01 00:00:01'),
(5 , 2 , 1, 2, 16, 1, '2019-01-01 00:00:01', '2019-01-01 00:00:01'),
(6 , 1 , 1, 4, 18, 1, '2019-01-01 00:00:01', '2019-01-01 00:00:01'),
(7 , 1 , 1, 7, 19, 1, '2019-01-01 00:00:01', '2019-01-01 00:00:01'),
(8 , 3 , 1, 2, 16, 1, '2019-01-01 00:00:01', '2019-01-01 00:00:01'),
(9 , 1 , 1, 6, 9 , 1, '2019-01-01 00:00:01', '2019-01-01 00:00:01'),
(10, 1 , 1, 8, 20, 1, '2019-01-01 00:00:01', '2019-01-01 00:00:01');
-- --------------------------------------------------------

--
-- Estructura de tabla para la tabla `types`
--

CREATE TABLE `types` (
  `id` int(11) NOT NULL,
  `type` varchar(255) NOT NULL,
  `description` mediumtext,
  `color` varchar(7) NOT NULL,
  `state` tinyint(1) NOT NULL DEFAULT '1',
  `createdAt` datetime NOT NULL,
  `updatedAt` datetime NOT NULL
) ENGINE=InnoDB DEFAULT CHARSET=utf8;

--
-- Volcado de datos para la tabla `types`
--

INSERT INTO `types` (`id`, `type`, `description`, `color`, `state`, `createdAt`, `updatedAt`) VALUES
(1, 'Clase asignada'     , NULL, '#FFF000', 1, '2019-01-01 00:00:01', '2019-01-01 00:00:01'),
(2, 'Solicitud semestral', NULL, '#0000FF', 1, '2019-01-01 00:00:01', '2019-01-01 00:00:01'),
(3, 'Solicitud temporal' , NULL, '#00FF00', 1, '2019-01-01 00:00:01', '2019-01-01 00:00:01');
-- --------------------------------------------------------

--
-- Estructura de tabla para la tabla `users`
--

CREATE TABLE `users` (
  `id` int(11) NOT NULL,
  `enrollment` varchar(45) NOT NULL,
  `first_name` varchar(50) NOT NULL,
  `last_name` varchar(50) NOT NULL,
  `email` text NOT NULL,
  `password` text NOT NULL,
  `url_pp` mediumtext,
  `phone_number` varchar(10) DEFAULT NULL,
  `state_email` tinyint(1) NOT NULL DEFAULT '0',
  `state` tinyint(1) NOT NULL DEFAULT '0',
  `userType_id` int(11) NOT NULL,
  `createdAt` datetime NOT NULL,
  `updatedAt` datetime NOT NULL
) ENGINE=InnoDB DEFAULT CHARSET=utf8;

--
-- Volcado de datos para la tabla `users`
--

INSERT INTO `users` (`id`, `enrollment`, `first_name`, `last_name`, `email`, `password`, `url_pp`, `phone_number`, `state_email`, `state`, `userType_id`, `createdAt`, `updatedAt`) VALUES
(1, '0', 'Yarely'          , 'Báez'             , 'ybaez@ucaribe.edu.mx'     , '$2a$10$TM8pHeHDO6VOchWD.pHmu.C/CD9d3QbI66wr3sJGWxpAlz2/znl5.', NULL, NULL, 0, 0, 1, '2019-01-01 00:00:01', '2019-01-01 00:00:01'),
(2, '1', 'David Israel'    , 'Flores Granados'  , 'dflores@ucaribe.edu.mx'   , '$2a$10$m/8b6VyFJ1cxM16BlejUvuRR2Bi8OpFrCbX/66Pn3WObg7kAbXiMu', NULL, NULL, 0, 0, 3, '2019-01-01 00:00:01', '2019-01-01 00:00:01'),
(3, '2', 'Diana del Pilar' , 'Cobos Del Angel'  , 'dcobos@ucaribe.edu.mx'    , '$2a$10$KvpOxVBniGHr.Te3KjsYReFbyccGxsKNlJytVUD0voqfOlEfuWymi', NULL, NULL, 0, 0, 3, '2019-01-01 00:00:01', '2019-01-01 00:00:01'),
(4, '3', 'Juan Carlos'     , 'Sandoval Villegas', 'jcvillegas@ucaribe.edu.mx', '$2a$10$qQpPLVUS4q9kjr0TcfU2r.F5QTgukgKyA/nk3cW/uP2AHLKrWI0FG', NULL, NULL, 0, 0, 3, '2019-01-01 00:00:01', '2019-01-01 00:00:01'),
(6, '4', 'Carlos Francisco', 'Paz Cuevas'       , 'cpaz@ucaribe.edu.mx'      , '$2a$10$Ol8vOUxm0QtM/pzjMq9HBuNaTjl98Hicoh9UEB6dSpTgAFryooHpO', NULL, NULL, 0, 0, 3, '2019-01-01 00:00:01', '2019-01-01 00:00:01'),
(7, '5', 'Cyntya'          , 'Olivares Gonzales', 'colivaresz@ucaribe.edu.mx', '$2a$10$GheEka06033KYdA/6fxbcepnj4ooxHPRn5HLichlAdymdb7on8Cee', NULL, NULL, 0, 0, 3, '2019-01-01 00:00:01', '2019-01-01 00:00:01'),
(8, '6', 'Monica Patricia' , 'René Larrosa'     , 'mrene@ucaribe.edu.mx'     , '$2a$10$5jCBe6I98DZyrMFU9D0F.eW6eOw0kjtpMDS9ThRxgPr3q6JTYPce2', NULL, NULL, 0, 0, 3, '2019-01-01 00:00:01', '2019-01-01 00:00:01');

-- --------------------------------------------------------

--
-- Estructura de tabla para la tabla `usertypes`
--

CREATE TABLE `usertypes` (
  `id` int(11) NOT NULL,
  `type` varchar(45) NOT NULL,
  `description` mediumtext,
  `state` tinyint(1) NOT NULL DEFAULT '1',
  `createdAt` datetime NOT NULL,
  `updatedAt` datetime NOT NULL
) ENGINE=InnoDB DEFAULT CHARSET=utf8;

--
-- Volcado de datos para la tabla `usertypes`
--

INSERT INTO `usertypes` (`id`, `type`, `description`, `state`, `createdAt`, `updatedAt` ) VALUES
(1, 'Administrador', NULL, 1, '2019-01-01 00:00:01', '2019-01-01 00:00:01'),
(2, 'Becario'      , NULL, 1, '2019-01-01 00:00:01', '2019-01-01 00:00:01'),
(3, 'Profesor'     , NULL, 1, '2019-01-01 00:00:01', '2019-01-01 00:00:01');
-- --------------------------------------------------------

--
-- Estructura de tabla para la tabla `usertypes_has_permissions`
--

CREATE TABLE `usertypes_has_permissions` (
  `userTypes_id` int(11) NOT NULL,
  `permissions_id` int(11) NOT NULL,
  `state` tinyint(1) NOT NULL,
  `createdAt` datetime NOT NULL,
  `updatedAt` datetime NOT NULL
) ENGINE=InnoDB DEFAULT CHARSET=utf8;

--
-- Índices para tablas volcadas
--

--
-- Indices de la tabla `laboratories`
--
ALTER TABLE `laboratories`
  ADD PRIMARY KEY (`id`),
  ADD KEY `fk_laboratories_users1_idx` (`user_id`);

--
-- Indices de la tabla `permissions`
--
ALTER TABLE `permissions`
  ADD PRIMARY KEY (`id`),
  ADD UNIQUE KEY `type_UNIQUE` (`type`);

--
-- Indices de la tabla `requests`
--
ALTER TABLE `requests`
  ADD PRIMARY KEY (`id`),
  ADD KEY `fk_requests_statuses1_idx` (`status_id`),
  ADD KEY `fk_requests_types1_idx` (`type_id`);

--
-- Indices de la tabla `schedule`
--
ALTER TABLE `schedule`
  ADD PRIMARY KEY (`id`),
  ADD KEY `fk_schedule_subjects4semester1_idx` (`subject4semester_id`),
  ADD KEY `fk_schedule_laboratories1_idx` (`laboratory_id`),
  ADD KEY `fk_schedule_requests1_idx` (`request_id`);

--
-- Indices de la tabla `semesters`
--
ALTER TABLE `semesters`
  ADD PRIMARY KEY (`id`),
  ADD UNIQUE KEY `semester_UNIQUE` (`semester`);

--
-- Indices de la tabla `statuses`
--
ALTER TABLE `statuses`
  ADD PRIMARY KEY (`id`),
  ADD UNIQUE KEY `status_UNIQUE` (`status`);

--
-- Indices de la tabla `subjects`
--
ALTER TABLE `subjects`
  ADD PRIMARY KEY (`id`),
  ADD UNIQUE KEY `enrollment_UNIQUE` (`enrollment`);

--
-- Indices de la tabla `subjects4semester`
--
ALTER TABLE `subjects4semester`
  ADD PRIMARY KEY (`id`),
  ADD KEY `fk_subjects4semester_semesters1_idx` (`semester_id`),
  ADD KEY `fk_subjects4semester_users1_idx` (`user_id`),
  ADD KEY `fk_subjects4semester_subjects1_idx` (`subject_id`);

--
-- Indices de la tabla `types`
--
ALTER TABLE `types`
  ADD PRIMARY KEY (`id`),
  ADD UNIQUE KEY `type_UNIQUE` (`type`),
  ADD UNIQUE KEY `color_UNIQUE` (`color`);

--
-- Indices de la tabla `users`
--
ALTER TABLE `users`
  ADD PRIMARY KEY (`id`),
  ADD UNIQUE KEY `enrollment_UNIQUE` (`enrollment`),
  ADD KEY `fk_users_userTypes1_idx` (`userType_id`);

--
-- Indices de la tabla `usertypes`
--
ALTER TABLE `usertypes`
  ADD PRIMARY KEY (`id`);

--
-- Indices de la tabla `usertypes_has_permissions`
--
ALTER TABLE `usertypes_has_permissions`
  ADD PRIMARY KEY (`userTypes_id`,`permissions_id`),
  ADD KEY `fk_userTypes_has_permissions_permissions1_idx` (`permissions_id`),
  ADD KEY `fk_userTypes_has_permissions_userTypes1_idx` (`userTypes_id`);

--
-- AUTO_INCREMENT de las tablas volcadas
--

--
-- AUTO_INCREMENT de la tabla `laboratories`
--
ALTER TABLE `laboratories`
  MODIFY `id` int(11) NOT NULL AUTO_INCREMENT;

--
-- AUTO_INCREMENT de la tabla `permissions`
--
ALTER TABLE `permissions`
  MODIFY `id` int(11) NOT NULL AUTO_INCREMENT;

--
-- AUTO_INCREMENT de la tabla `requests`
--
ALTER TABLE `requests`
  MODIFY `id` int(11) NOT NULL AUTO_INCREMENT;

--
-- AUTO_INCREMENT de la tabla `schedule`
--
ALTER TABLE `schedule`
  MODIFY `id` int(11) NOT NULL AUTO_INCREMENT;

--
-- AUTO_INCREMENT de la tabla `semesters`
--
ALTER TABLE `semesters`
  MODIFY `id` int(11) NOT NULL AUTO_INCREMENT;

--
-- AUTO_INCREMENT de la tabla `statuses`
--
ALTER TABLE `statuses`
  MODIFY `id` int(11) NOT NULL AUTO_INCREMENT;

--
-- AUTO_INCREMENT de la tabla `subjects`
--
ALTER TABLE `subjects`
  MODIFY `id` int(11) NOT NULL AUTO_INCREMENT;

--
-- AUTO_INCREMENT de la tabla `subjects4semester`
--
ALTER TABLE `subjects4semester`
  MODIFY `id` int(11) NOT NULL AUTO_INCREMENT;

--
-- AUTO_INCREMENT de la tabla `types`
--
ALTER TABLE `types`
  MODIFY `id` int(11) NOT NULL AUTO_INCREMENT;

--
-- AUTO_INCREMENT de la tabla `users`
--
ALTER TABLE `users`
  MODIFY `id` int(11) NOT NULL AUTO_INCREMENT;

--
-- AUTO_INCREMENT de la tabla `usertypes`
--
ALTER TABLE `usertypes`
  MODIFY `id` int(11) NOT NULL AUTO_INCREMENT;

--
-- Restricciones para tablas volcadas
--

--
-- Filtros para la tabla `laboratories`
--
ALTER TABLE `laboratories`
  ADD CONSTRAINT `fk_laboratories_users1` FOREIGN KEY (`user_id`) REFERENCES `users` (`id`) ON UPDATE CASCADE;

--
-- Filtros para la tabla `requests`
--
ALTER TABLE `requests`
  ADD CONSTRAINT `fk_requests_statuses1` FOREIGN KEY (`status_id`) REFERENCES `statuses` (`id`) ON UPDATE CASCADE,
  ADD CONSTRAINT `fk_requests_types1` FOREIGN KEY (`type_id`) REFERENCES `types` (`id`) ON UPDATE CASCADE;

--
-- Filtros para la tabla `schedule`
--
ALTER TABLE `schedule`
  ADD CONSTRAINT `fk_schedule_laboratories1` FOREIGN KEY (`laboratory_id`) REFERENCES `laboratories` (`id`) ON UPDATE CASCADE,
  ADD CONSTRAINT `fk_schedule_requests1` FOREIGN KEY (`request_id`) REFERENCES `requests` (`id`) ON UPDATE CASCADE,
  ADD CONSTRAINT `fk_schedule_subjects4semester1` FOREIGN KEY (`subject4semester_id`) REFERENCES `subjects4semester` (`id`) ON UPDATE CASCADE;

--
-- Filtros para la tabla `subjects4semester`
--
ALTER TABLE `subjects4semester`
  ADD CONSTRAINT `fk_subjects4semester_semesters1` FOREIGN KEY (`semester_id`) REFERENCES `semesters` (`id`) ON UPDATE CASCADE,
  ADD CONSTRAINT `fk_subjects4semester_subjects1` FOREIGN KEY (`subject_id`) REFERENCES `subjects` (`id`) ON UPDATE CASCADE,
  ADD CONSTRAINT `fk_subjects4semester_users1` FOREIGN KEY (`user_id`) REFERENCES `users` (`id`) ON UPDATE CASCADE;

--
-- Filtros para la tabla `users`
--
ALTER TABLE `users`
  ADD CONSTRAINT `fk_users_userTypes1` FOREIGN KEY (`userType_id`) REFERENCES `usertypes` (`id`) ON UPDATE CASCADE;

--
-- Filtros para la tabla `usertypes_has_permissions`
--
ALTER TABLE `usertypes_has_permissions`
  ADD CONSTRAINT `fk_userTypes_has_permissions_permissions1` FOREIGN KEY (`permissions_id`) REFERENCES `permissions` (`id`) ON DELETE NO ACTION ON UPDATE NO ACTION,
  ADD CONSTRAINT `fk_userTypes_has_permissions_userTypes1` FOREIGN KEY (`userTypes_id`) REFERENCES `usertypes` (`id`) ON DELETE NO ACTION ON UPDATE NO ACTION;
COMMIT;

/*!40101 SET CHARACTER_SET_CLIENT=@OLD_CHARACTER_SET_CLIENT */;
/*!40101 SET CHARACTER_SET_RESULTS=@OLD_CHARACTER_SET_RESULTS */;
/*!40101 SET COLLATION_CONNECTION=@OLD_COLLATION_CONNECTION */;
